Cycle_Index,Charge_Capacity,Discharge_Capacity,Charge_Energy,Discharge_Energy,dV/dt,Internal_Resistance,
1,1.0633432,1.0636606,3.6937687,4,0.022200584,0.015485343,
400,1.0535336,1.0534722,3.6655571,4,0.011769295,0.015151003,
800,1.0300589,1.0303617,3.5778799,4,0.030104637,0.015655613,
