Cycle_Index,Charge_Capacity,Discharge_Capacity,Charge_Energy,Discharge_Energy,dV/dt,Internal_Resistance,
1,1.0633432,1.0636606,3.6937687,3.2390177,0.022200584,0.015485343,
400,1.0535336,1.0534722,3.6655571,3.1515217,0.011769295,0.015151003,
